# URL redirection
/go/*  https://302.dt.in.th/:splat  302

# Web Monetization
/.well-known/pay https://ilp.uphold.com/ERDrjf7x7Rby 302

# Mapping from previous version of the site
/music/422/index.html /422.html
/music/422 /422.html
/music/auto-synchro/index.html /auto-synchro.html
/music/auto-synchro /auto-synchro.html
/music/bursting-music-star/index.html /bursting-music-star.html
/music/bursting-music-star /bursting-music-star.html
/music/butter-fly-cover-collab/index.html /butter-fly-cover-collab.html
/music/butter-fly-cover-collab /butter-fly-cover-collab.html
/music/by-my-side-ambient-house-mix/index.html /by-my-side-ambient-house-mix.html
/music/by-my-side-ambient-house-mix /by-my-side-ambient-house-mix.html
/music/by-my-side/index.html /by-my-side.html
/music/by-my-side /by-my-side.html
/music/dont-wake-me-up-re-remix/index.html /dont-wake-me-up-re-remix.html
/music/dont-wake-me-up-re-remix /dont-wake-me-up-re-remix.html
/music/everyday-evermore/index.html /everyday-evermore.html
/music/everyday-evermore /everyday-evermore.html
/music/index.html /songs.html
/music /songs.html
/music/just-look-at-my-eyes-bms/index.html /just-look-at-my-eyes-bms.html
/music/just-look-at-my-eyes-bms /just-look-at-my-eyes-bms.html
/music/only-love-remix/index.html /only-love-remix.html
/music/only-love-remix /only-love-remix.html
/music/opaque-space/index.html /opaque-space.html
/music/opaque-space /opaque-space.html
/music/over-whelming-joy/index.html /over-whelming-joy.html
/music/over-whelming-joy /over-whelming-joy.html
/music/reminiscentia/index.html /reminiscentia.html
/music/reminiscentia /reminiscentia.html
/music/running-out-2015/index.html /running-out-2015.html
/music/running-out-2015 /running-out-2015.html
/music/sawasdee-new-year/index.html /sawasdee-new-year.html
/music/sawasdee-new-year /sawasdee-new-year.html
/music/type-your-text-here/index.html /type-your-text-here.html
/music/type-your-text-here /type-your-text-here.html
/p/422/index.html /422.html
/p/422 /422.html
/p/all/index.html /all.html
/p/all /all.html
/p/bemuse/index.html /bemuse.html
/p/bemuse /bemuse.html
/p/bursting-music-star/index.html /bursting-music-star.html
/p/bursting-music-star /bursting-music-star.html
/p/butter-fly-cover-collab/index.html /butter-fly-cover-collab.html
/p/butter-fly-cover-collab /butter-fly-cover-collab.html
/p/dt.in.th/index.html /dt.in.th.html
/p/dt.in.th /dt.in.th.html
/p/everyday-evermore/index.html /everyday-evermore.html
/p/everyday-evermore /everyday-evermore.html
/p/frontend-web-development-in-2015/index.html /frontend-2015.html
/p/frontend-web-development-in-2015 /frontend-2015.html
/p/functional-reactive-programming-using-rxjs-talk/index.html /functional-reactive-programming-rxjs-talk.html
/p/functional-reactive-programming-using-rxjs-talk /functional-reactive-programming-rxjs-talk.html
/p/higher-order-components-and-recompose-talk/index.html /higher-order-components-and-recompose-talk.html
/p/higher-order-components-and-recompose-talk /higher-order-components-and-recompose-talk.html
/p/introduction-to-recursion-python/index.html /introduction-to-recursion-python.html
/p/introduction-to-recursion-python /introduction-to-recursion-python.html
/p/ipedal/index.html /ipedal.html
/p/ipedal /ipedal.html
/p/just-look-at-my-eyes-bms/index.html /just-look-at-my-eyes-bms.html
/p/just-look-at-my-eyes-bms /just-look-at-my-eyes-bms.html
/p/lets-start-contributing-to-open-source-talk/index.html /lets-start-contributing-to-open-source-talk.html
/p/lets-start-contributing-to-open-source-talk /lets-start-contributing-to-open-source-talk.html
/p/only-love-remix/index.html /only-love-remix.html
/p/only-love-remix /only-love-remix.html
/p/over-whelming-joy/index.html /over-whelming-joy.html
/p/over-whelming-joy /over-whelming-joy.html
/p/projects/index.html /projects.html
/p/projects /projects.html
/p/race-conditions-in-js-apps/index.html /race-conditions-in-js-apps.html
/p/race-conditions-in-js-apps /race-conditions-in-js-apps.html
/p/react-bangkok-2.0.0-live-coding-session/index.html /reactbkk2-live-coding.html
/p/react-bangkok-2.0.0-live-coding-session /reactbkk2-live-coding.html
/p/relive/index.html /relive.html
/p/relive /relive.html
/p/running-out-2015/index.html /running-out-2015.html
/p/running-out-2015 /running-out-2015.html
/p/smells-in-react-apps/index.html /smells-in-react-apps.html
/p/smells-in-react-apps /smells-in-react-apps.html
/p/songs/index.html /songs.html
/p/songs /songs.html
/p/spring-animation-in-css/index.html /spring-animation-in-css.html
/p/spring-animation-in-css /spring-animation-in-css.html
/p/super-silly-vortex/index.html /super-silly-vortex.html
/p/super-silly-vortex /super-silly-vortex.html
/p/talks/index.html /talks.html
/p/talks /talks.html
/p/taskworld-and-the-evolving-use-of-react-talk/index.html /taskworld-react-talk.html
/p/taskworld-and-the-evolving-use-of-react-talk /taskworld-react-talk.html
/p/tdd-talk/index.html /tdd-talk.html
/p/tdd-talk /tdd-talk.html
/p/vim-tips-technique-scripts-plugins/index.html /vim-tips-technique-scripts-plugins.html
/p/vim-tips-technique-scripts-plugins /vim-tips-technique-scripts-plugins.html
/p/webmidicon/index.html /webmidicon.html
/p/webmidicon /webmidicon.html
/talks/code-mania-110/index.html /lets-start-contributing-to-open-source-talk.html
/talks/code-mania-110 /lets-start-contributing-to-open-source-talk.html
/talks/codemania2015/index.html /frontend-2015.html
/talks/codemania2015 /frontend-2015.html
/talks/functional-reactive-programming/index.html /functional-reactive-programming-rxjs-talk.html
/talks/functional-reactive-programming /functional-reactive-programming-rxjs-talk.html
/talks/hoc/index.html /higher-order-components-and-recompose-talk.html
/talks/hoc /higher-order-components-and-recompose-talk.html
/talks/index.html /talks.html
/talks /talks.html
/talks/react-live-coding/index.html /reactbkk2-live-coding.html
/talks/react-live-coding /reactbkk2-live-coding.html
/talks/recursion/index.html /introduction-to-recursion-python.html
/talks/recursion /introduction-to-recursion-python.html
/talks/smells-in-react-apps/index.html /smells-in-react-apps.html
/talks/smells-in-react-apps /smells-in-react-apps.html
/talks/spring/index.html /spring-animation-in-css.html
/talks/spring /spring-animation-in-css.html
/talks/taskworld-react/index.html /taskworld-react-talk.html
/talks/taskworld-react /taskworld-react-talk.html
/talks/tdd/index.html /tdd-talk.html
/talks/tdd /tdd-talk.html
/talks/vim/index.html /vim-tips-technique-scripts-plugins-talk.html
/talks/vim /vim-tips-technique-scripts-plugins-talk.html
/talks/web-midi-instruments-lightning-talk/index.html /webmidicon.html
/talks/web-midi-instruments-lightning-talk /webmidicon.html
